{
  "model": "parks-cls-B2",
  "base_model": "yolov8n-cls",
  "dataset": "trashnet_cls",
  "split": "test",
  "num_images": 257,
  "accuracy": 0.9105058365758755,
  "macro_precision": 0.8665899901776223,
  "macro_recall": 0.9135299693410326,
  "macro_f1": 0.8809155729888414,
  "per_class": {
    "glass": {
      "precision": 0.9767441860465116,
      "recall": 0.8235294117647058,
      "f1": 0.8936170212765957,
      "support": 51
    },
    "metal": {
      "precision": 0.8297872340425532,
      "recall": 0.9512195121951219,
      "f1": 0.8863636363636364,
      "support": 41
    },
    "other": {
      "precision": 0.6086956521739131,
      "recall": 0.9333333333333333,
      "f1": 0.7368421052631579,
      "support": 15
    },
    "paper": {
      "precision": 0.9789473684210527,
      "recall": 0.9207920792079208,
      "f1": 0.9489795918367347,
      "support": 101
    },
    "plastic": {
      "precision": 0.9387755102040817,
      "recall": 0.9387755102040817,
      "f1": 0.9387755102040817,
      "support": 49
    }
  }
}